folder_identifier,jpeg_count,first_jpeg,last_jpeg
MS-011_1_1_1_1,100,MS-011_1_1_1_1_J_0001.jpg,MS-011_1_1_1_1_J_0100.jpg
MS-011_1_1_1_2,100,MS-011_1_1_1_2_J_0001.jpg,MS-011_1_1_1_2_J_0100.jpg
MS-011_1_1_1_3,100,MS-011_1_1_1_3_J_0001.jpg,MS-011_1_1_1_3_J_0100.jpg
MS-011_1_1_1_4,100,MS-011_1_1_1_4_J_0001.jpg,MS-011_1_1_1_4_J_0100.jpg
MS-011_1_1_1_5,100,MS-011_1_1_1_5_J_0001.jpg,MS-011_1_1_1_5_J_0100.jpg
MS-011_1_1_1_6,100,MS-011_1_1_1_6_J_0001.jpg,MS-011_1_1_1_6_J_0100.jpg
MS-011_1_1_1_7,100,MS-011_1_1_1_7_J_0001.jpg,MS-011_1_1_1_7_J_0100.jpg
MS-011_1_1_1_8,100,MS-011_1_1_1_8_J_0001.jpg,MS-011_1_1_1_8_J_0100.jpg
MS-011_1_1_1_9,100,MS-011_1_1_1_9_J_0001.jpg,MS-011_1_1_1_9_J_0100.jpg
MS-011_1_1_1_10,100,MS-011_1_1_1_10_J_0001.jpg,MS-011_1_1_1_10_J_0100.jpg
MS-011_1_1_1_11,100,MS-011_1_1_1_11_J_0001.jpg,MS-011_1_1_1_11_J_0100.jpg
MS-011_1_1_1_12,100,MS-011_1_1_1_12_J_0001.jpg,MS-011_1_1_1_12_J_0100.jpg
MS-011_1_1_1_13,100,MS-011_1_1_1_13_J_0001.jpg,MS-011_1_1_1_13_J_0100.jpg
MS-011_1_1_1_14,100,MS-011_1_1_1_14_J_0001.jpg,MS-011_1_1_1_14_J_0100.jpg
MS-011_1_1_1_15,100,MS-011_1_1_1_15_J_0001.jpg,MS-011_1_1_1_15_J_0100.jpg
MS-011_1_1_1_16,100,MS-011_1_1_1_16_J_0001.jpg,MS-011_1_1_1_16_J_0100.jpg
MS-011_1_1_1_17,100,MS-011_1_1_1_17_J_0001.jpg,MS-011_1_1_1_17_J_0100.jpg
MS-011_1_1_1_18,100,MS-011_1_1_1_18_J_0001.jpg,MS-011_1_1_1_18_J_0100.jpg
MS-011_1_1_1_19,100,MS-011_1_1_1_19_J_0001.jpg,MS-011_1_1_1_19_J_0100.jpg
MS-011_1_1_1_20,100,MS-011_1_1_1_20_J_0001.jpg,MS-011_1_1_1_20_J_0100.jpg
MS-011_1_1_1_21,100,MS-011_1_1_1_21_J_0001.jpg,MS-011_1_1_1_21_J_0100.jpg
MS-011_1_1_1_22,100,MS-011_1_1_1_22_J_0001.jpg,MS-011_1_1_1_22_J_0100.jpg
MS-011_1_1_1_23,100,MS-011_1_1_1_23_J_0001.jpg,MS-011_1_1_1_23_J_0100.jpg
MS-011_1_1_1_24,100,MS-011_1_1_1_24_J_0001.jpg,MS-011_1_1_1_24_J_0100.jpg
MS-011_1_1_1_25,100,MS-011_1_1_1_25_J_0001.jpg,MS-011_1_1_1_25_J_0100.jpg
MS-011_1_1_1_26,100,MS-011_1_1_1_26_J_0001.jpg,MS-011_1_1_1_26_J_0100.jpg
MS-011_1_1_1_27,100,MS-011_1_1_1_27_J_0001.jpg,MS-011_1_1_1_27_J_0100.jpg
MS-011_1_1_1_28,100,MS-011_1_1_1_28_J_0001.jpg,MS-011_1_1_1_28_J_0100.jpg
MS-011_1_1_1_29,100,MS-011_1_1_1_29_J_0001.jpg,MS-011_1_1_1_29_J_0100.jpg
MS-011_1_1_1_30,100,MS-011_1_1_1_30_J_0001.jpg,MS-011_1_1_1_30_J_0100.jpg
MS-011_1_1_1_31,100,MS-011_1_1_1_31_J_0001.jpg,MS-011_1_1_1_31_J_0100.jpg
MS-011_1_1_1_32,100,MS-011_1_1_1_32_J_0001.jpg,MS-011_1_1_1_32_J_0100.jpg
MS-011_1_1_1_33,100,MS-011_1_1_1_33_J_0001.jpg,MS-011_1_1_1_33_J_0100.jpg
MS-011_1_1_1_34,100,MS-011_1_1_1_34_J_0001.jpg,MS-011_1_1_1_34_J_0100.jpg
MS-011_1_1_1_35,100,MS-011_1_1_1_35_J_0001.jpg,MS-011_1_1_1_35_J_0100.jpg
MS-011_1_1_1_36,100,MS-011_1_1_1_36_J_0001.jpg,MS-011_1_1_1_36_J_0100.jpg
MS-011_1_1_1_37,100,MS-011_1_1_1_37_J_0001.jpg,MS-011_1_1_1_37_J_0100.jpg
MS-011_1_1_1_38,100,MS-011_1_1_1_38_J_0001.jpg,MS-011_1_1_1_38_J_0100.jpg
MS-011_1_1_1_39,100,MS-011_1_1_1_39_J_0001.jpg,MS-011_1_1_1_39_J_0100.jpg
MS-011_1_1_1_40,100,MS-011_1_1_1_40_J_0001.jpg,MS-011_1_1_1_40_J_0100.jpg
MS-011_1_1_1_41,100,MS-011_1_1_1_41_J_0001.jpg,MS-011_1_1_1_41_J_0100.jpg
MS-011_1_1_1_42,100,MS-011_1_1_1_42_J_0001.jpg,MS-011_1_1_1_42_J_0100.jpg
MS-011_1_1_1_43,100,MS-011_1_1_1_43_J_0001.jpg,MS-011_1_1_1_43_J_0100.jpg
MS-011_1_1_1_44,100,MS-011_1_1_1_44_J_0001.jpg,MS-011_1_1_1_44_J_0100.jpg
MS-011_1_1_1_45,100,MS-011_1_1_1_45_J_0001.jpg,MS-011_1_1_1_45_J_0100.jpg
MS-011_1_1_1_46,100,MS-011_1_1_1_46_J_0001.jpg,MS-011_1_1_1_46_J_0100.jpg
MS-011_1_1_1_47,100,MS-011_1_1_1_47_J_0001.jpg,MS-011_1_1_1_47_J_0100.jpg
MS-011_1_1_1_48,100,MS-011_1_1_1_48_J_0001.jpg,MS-011_1_1_1_48_J_0100.jpg
MS-011_1_1_1_49,100,MS-011_1_1_1_49_J_0001.jpg,MS-011_1_1_1_49_J_0100.jpg
MS-011_1_1_1_50,100,MS-011_1_1_1_50_J_0001.jpg,MS-011_1_1_1_50_J_0100.jpg
MS-011_1_1_1_51,100,MS-011_1_1_1_51_J_0001.jpg,MS-011_1_1_1_51_J_0100.jpg
MS-011_1_1_1_52,100,MS-011_1_1_1_52_J_0001.jpg,MS-011_1_1_1_52_J_0100.jpg
MS-011_1_1_1_53,100,MS-011_1_1_1_53_J_0001.jpg,MS-011_1_1_1_53_J_0100.jpg
MS-011_1_1_1_54,100,MS-011_1_1_1_54_J_0001.jpg,MS-011_1_1_1_54_J_0100.jpg
MS-011_1_1_1_55,100,MS-011_1_1_1_55_J_0001.jpg,MS-011_1_1_1_55_J_0100.jpg
MS-011_1_1_1_56,100,MS-011_1_1_1_56_J_0001.jpg,MS-011_1_1_1_56_J_0100.jpg
MS-011_1_1_1_57,100,MS-011_1_1_1_57_J_0001.jpg,MS-011_1_1_1_57_J_0100.jpg
MS-011_1_1_1_58,100,MS-011_1_1_1_58_J_0001.jpg,MS-011_1_1_1_58_J_0100.jpg
MS-011_1_1_1_59,100,MS-011_1_1_1_59_J_0001.jpg,MS-011_1_1_1_59_J_0100.jpg
MS-011_1_1_1_60,100,MS-011_1_1_1_60_J_0001.jpg,MS-011_1_1_1_60_J_0100.jpg
MS-011_1_1_1_61,100,MS-011_1_1_1_61_J_0001.jpg,MS-011_1_1_1_61_J_0100.jpg
MS-011_1_1_1_62,100,MS-011_1_1_1_62_J_0001.jpg,MS-011_1_1_1_62_J_0100.jpg
MS-011_1_1_1_63,100,MS-011_1_1_1_63_J_0001.jpg,MS-011_1_1_1_63_J_0100.jpg
MS-011_1_1_1_64,100,MS-011_1_1_1_64_J_0001.jpg,MS-011_1_1_1_64_J_0100.jpg
MS-011_1_1_1_65,100,MS-011_1_1_1_65_J_0001.jpg,MS-011_1_1_1_65_J_0100.jpg
MS-011_1_1_1_66,100,MS-011_1_1_1_66_J_0001.jpg,MS-011_1_1_1_66_J_0100.jpg
MS-011_1_1_1_67,100,MS-011_1_1_1_67_J_0001.jpg,MS-011_1_1_1_67_J_0100.jpg
MS-011_1_1_1_68,100,MS-011_1_1_1_68_J_0001.jpg,MS-011_1_1_1_68_J_0100.jpg
MS-011_1_1_1_69,100,MS-011_1_1_1_69_J_0001.jpg,MS-011_1_1_1_69_J_0100.jpg
MS-011_1_1_1_70,100,MS-011_1_1_1_70_J_0001.jpg,MS-011_1_1_1_70_J_0100.jpg
MS-011_1_1_1_71,100,MS-011_1_1_1_71_J_0001.jpg,MS-011_1_1_1_71_J_0100.jpg
MS-011_1_1_1_72,100,MS-011_1_1_1_72_J_0001.jpg,MS-011_1_1_1_72_J_0100.jpg
MS-011_1_1_1_73,100,MS-011_1_1_1_73_J_0001.jpg,MS-011_1_1_1_73_J_0100.jpg
MS-011_1_1_1_74,100,MS-011_1_1_1_74_J_0001.jpg,MS-011_1_1_1_74_J_0100.jpg
MS-011_1_1_1_75,100,MS-011_1_1_1_75_J_0001.jpg,MS-011_1_1_1_75_J_0100.jpg
MS-011_1_1_1_76,100,MS-011_1_1_1_76_J_0001.jpg,MS-011_1_1_1_76_J_0100.jpg
MS-011_1_1_1_77,100,MS-011_1_1_1_77_J_0001.jpg,MS-011_1_1_1_77_J_0100.jpg
MS-011_1_1_1_78,100,MS-011_1_1_1_78_J_0001.jpg,MS-011_1_1_1_78_J_0100.jpg
MS-011_1_1_1_79,100,MS-011_1_1_1_79_J_0001.jpg,MS-011_1_1_1_79_J_0100.jpg
MS-011_1_1_1_80,100,MS-011_1_1_1_80_J_0001.jpg,MS-011_1_1_1_80_J_0100.jpg
MS-011_1_1_1_81,100,MS-011_1_1_1_81_J_0001.jpg,MS-011_1_1_1_81_J_0100.jpg
MS-011_1_1_1_82,100,MS-011_1_1_1_82_J_0001.jpg,MS-011_1_1_1_82_J_0100.jpg
MS-011_1_1_1_83,100,MS-011_1_1_1_83_J_0001.jpg,MS-011_1_1_1_83_J_0100.jpg
MS-011_1_1_1_84,100,MS-011_1_1_1_84_J_0001.jpg,MS-011_1_1_1_84_J_0100.jpg
MS-011_1_1_1_85,100,MS-011_1_1_1_85_J_0001.jpg,MS-011_1_1_1_85_J_0100.jpg
MS-011_1_1_1_86,100,MS-011_1_1_1_86_J_0001.jpg,MS-011_1_1_1_86_J_0100.jpg
MS-011_1_1_1_87,100,MS-011_1_1_1_87_J_0001.jpg,MS-011_1_1_1_87_J_0100.jpg
MS-011_1_1_1_88,100,MS-011_1_1_1_88_J_0001.jpg,MS-011_1_1_1_88_J_0100.jpg
MS-011_1_1_1_89,100,MS-011_1_1_1_89_J_0001.jpg,MS-011_1_1_1_89_J_0100.jpg
MS-011_1_1_1_90,100,MS-011_1_1_1_90_J_0001.jpg,MS-011_1_1_1_90_J_0100.jpg
MS-011_1_1_1_91,100,MS-011_1_1_1_91_J_0001.jpg,MS-011_1_1_1_91_J_0100.jpg
MS-011_1_1_1_92,100,MS-011_1_1_1_92_J_0001.jpg,MS-011_1_1_1_92_J_0100.jpg
MS-011_1_1_1_93,100,MS-011_1_1_1_93_J_0001.jpg,MS-011_1_1_1_93_J_0100.jpg
MS-011_1_1_1_94,100,MS-011_1_1_1_94_J_0001.jpg,MS-011_1_1_1_94_J_0100.jpg
MS-011_1_1_1_95,100,MS-011_1_1_1_95_J_0001.jpg,MS-011_1_1_1_95_J_0100.jpg
MS-011_1_1_1_96,100,MS-011_1_1_1_96_J_0001.jpg,MS-011_1_1_1_96_J_0100.jpg
MS-011_1_1_1_97,100,MS-011_1_1_1_97_J_0001.jpg,MS-011_1_1_1_97_J_0100.jpg
MS-011_1_1_1_98,100,MS-011_1_1_1_98_J_0001.jpg,MS-011_1_1_1_98_J_0100.jpg
MS-011_1_1_1_99,100,MS-011_1_1_1_99_J_0001.jpg,MS-011_1_1_1_99_J_0100.jpg
MS-011_1_1_1_100,100,MS-011_1_1_1_100_J_0001.jpg,MS-011_1_1_1_100_J_0100.jpg
MS-011_1_1_1_101,100,MS-011_1_1_1_101_J_0001.jpg,MS-011_1_1_1_101_J_0100.jpg
MS-011_1_1_1_102,100,MS-011_1_1_1_102_J_0001.jpg,MS-011_1_1_1_102_J_0100.jpg
MS-011_1_1_1_103,100,MS-011_1_1_1_103_J_0001.jpg,MS-011_1_1_1_103_J_0100.jpg
MS-011_1_1_1_104,100,MS-011_1_1_1_104_J_0001.jpg,MS-011_1_1_1_104_J_0100.jpg
MS-011_1_1_1_105,100,MS-011_1_1_1_105_J_0001.jpg,MS-011_1_1_1_105_J_0100.jpg
MS-011_1_1_1_106,100,MS-011_1_1_1_106_J_0001.jpg,MS-011_1_1_1_106_J_0100.jpg
MS-011_1_1_1_107,100,MS-011_1_1_1_107_J_0001.jpg,MS-011_1_1_1_107_J_0100.jpg
MS-011_1_1_1_108,100,MS-011_1_1_1_108_J_0001.jpg,MS-011_1_1_1_108_J_0100.jpg
MS-011_1_1_1_109,100,MS-011_1_1_1_109_J_0001.jpg,MS-011_1_1_1_109_J_0100.jpg
MS-011_1_1_1_110,100,MS-011_1_1_1_110_J_0001.jpg,MS-011_1_1_1_110_J_0100.jpg
MS-011_1_1_1_111,100,MS-011_1_1_1_111_J_0001.jpg,MS-011_1_1_1_111_J_0100.jpg
MS-011_1_1_1_112,100,MS-011_1_1_1_112_J_0001.jpg,MS-011_1_1_1_112_J_0100.jpg
MS-011_1_1_1_113,100,MS-011_1_1_1_113_J_0001.jpg,MS-011_1_1_1_113_J_0100.jpg
MS-011_1_1_1_114,100,MS-011_1_1_1_114_J_0001.jpg,MS-011_1_1_1_114_J_0100.jpg
MS-011_1_1_1_115,100,MS-011_1_1_1_115_J_0001.jpg,MS-011_1_1_1_115_J_0100.jpg
MS-011_1_1_1_116,100,MS-011_1_1_1_116_J_0001.jpg,MS-011_1_1_1_116_J_0100.jpg
MS-011_1_1_1_117,100,MS-011_1_1_1_117_J_0001.jpg,MS-011_1_1_1_117_J_0100.jpg
MS-011_1_1_1_118,100,MS-011_1_1_1_118_J_0001.jpg,MS-011_1_1_1_118_J_0100.jpg
MS-011_1_1_1_119,100,MS-011_1_1_1_119_J_0001.jpg,MS-011_1_1_1_119_J_0100.jpg
MS-011_1_1_1_120,100,MS-011_1_1_1_120_J_0001.jpg,MS-011_1_1_1_120_J_0100.jpg
MS-011_1_1_1_121,100,MS-011_1_1_1_121_J_0001.jpg,MS-011_1_1_1_121_J_0100.jpg
MS-011_1_1_1_122,100,MS-011_1_1_1_122_J_0001.jpg,MS-011_1_1_1_122_J_0100.jpg
MS-011_1_1_1_123,100,MS-011_1_1_1_123_J_0001.jpg,MS-011_1_1_1_123_J_0100.jpg
MS-011_1_1_1_124,100,MS-011_1_1_1_124_J_0001.jpg,MS-011_1_1_1_124_J_0100.jpg
MS-011_1_1_1_125,100,MS-011_1_1_1_125_J_0001.jpg,MS-011_1_1_1_125_J_0100.jpg
MS-011_1_1_1_126,100,MS-011_1_1_1_126_J_0001.jpg,MS-011_1_1_1_126_J_0100.jpg
MS-011_1_1_1_127,100,MS-011_1_1_1_127_J_0001.jpg,MS-011_1_1_1_127_J_0100.jpg
MS-011_1_1_1_128,100,MS-011_1_1_1_128_J_0001.jpg,MS-011_1_1_1_128_J_0100.jpg
MS-011_1_1_1_129,100,MS-011_1_1_1_129_J_0001.jpg,MS-011_1_1_1_129_J_0100.jpg
MS-011_1_1_1_130,100,MS-011_1_1_1_130_J_0001.jpg,MS-011_1_1_1_130_J_0100.jpg
MS-011_1_1_1_131,100,MS-011_1_1_1_131_J_0001.jpg,MS-011_1_1_1_131_J_0100.jpg
MS-011_1_1_1_132,100,MS-011_1_1_1_132_J_0001.jpg,MS-011_1_1_1_132_J_0100.jpg
MS-011_1_1_1_133,100,MS-011_1_1_1_133_J_0001.jpg,MS-011_1_1_1_133_J_0100.jpg
MS-011_1_1_1_134,100,MS-011_1_1_1_134_J_0001.jpg,MS-011_1_1_1_134_J_0100.jpg
MS-011_1_1_1_135,100,MS-011_1_1_1_135_J_0001.jpg,MS-011_1_1_1_135_J_0100.jpg
MS-011_1_1_1_136,100,MS-011_1_1_1_136_J_0001.jpg,MS-011_1_1_1_136_J_0100.jpg
MS-011_1_1_1_137,100,MS-011_1_1_1_137_J_0001.jpg,MS-011_1_1_1_137_J_0100.jpg
MS-011_1_1_1_138,100,MS-011_1_1_1_138_J_0001.jpg,MS-011_1_1_1_138_J_0100.jpg
MS-011_1_1_1_139,100,MS-011_1_1_1_139_J_0001.jpg,MS-011_1_1_1_139_J_0100.jpg
MS-011_1_1_1_140,100,MS-011_1_1_1_140_J_0001.jpg,MS-011_1_1_1_140_J_0100.jpg
MS-011_1_1_1_141,100,MS-011_1_1_1_141_J_0001.jpg,MS-011_1_1_1_141_J_0100.jpg
MS-011_1_1_1_142,100,MS-011_1_1_1_142_J_0001.jpg,MS-011_1_1_1_142_J_0100.jpg
MS-011_1_1_1_143,100,MS-011_1_1_1_143_J_0001.jpg,MS-011_1_1_1_143_J_0100.jpg
MS-011_1_1_1_144,100,MS-011_1_1_1_144_J_0001.jpg,MS-011_1_1_1_144_J_0100.jpg
MS-011_1_1_1_145,100,MS-011_1_1_1_145_J_0001.jpg,MS-011_1_1_1_145_J_0100.jpg
MS-011_1_1_1_146,100,MS-011_1_1_1_146_J_0001.jpg,MS-011_1_1_1_146_J_0100.jpg
MS-011_1_1_1_147,100,MS-011_1_1_1_147_J_0001.jpg,MS-011_1_1_1_147_J_0100.jpg
MS-011_1_1_1_148,100,MS-011_1_1_1_148_J_0001.jpg,MS-011_1_1_1_148_J_0100.jpg
MS-011_1_1_1_149,100,MS-011_1_1_1_149_J_0001.jpg,MS-011_1_1_1_149_J_0100.jpg
MS-011_1_1_1_150,100,MS-011_1_1_1_150_J_0001.jpg,MS-011_1_1_1_150_J_0100.jpg
MS-011_1_1_1_151,100,MS-011_1_1_1_151_J_0001.jpg,MS-011_1_1_1_151_J_0100.jpg
MS-011_1_1_1_152,100,MS-011_1_1_1_152_J_0001.jpg,MS-011_1_1_1_152_J_0100.jpg
MS-011_1_1_1_153,100,MS-011_1_1_1_153_J_0001.jpg,MS-011_1_1_1_153_J_0100.jpg
MS-011_1_1_1_154,100,MS-011_1_1_1_154_J_0001.jpg,MS-011_1_1_1_154_J_0100.jpg
MS-011_1_1_1_155,100,MS-011_1_1_1_155_J_0001.jpg,MS-011_1_1_1_155_J_0100.jpg
MS-011_1_1_1_156,100,MS-011_1_1_1_156_J_0001.jpg,MS-011_1_1_1_156_J_0100.jpg
MS-011_1_1_1_157,100,MS-011_1_1_1_157_J_0001.jpg,MS-011_1_1_1_157_J_0100.jpg
MS-011_1_1_1_158,100,MS-011_1_1_1_158_J_0001.jpg,MS-011_1_1_1_158_J_0100.jpg
MS-011_1_1_1_159,100,MS-011_1_1_1_159_J_0001.jpg,MS-011_1_1_1_159_J_0100.jpg
MS-011_1_1_1_160,100,MS-011_1_1_1_160_J_0001.jpg,MS-011_1_1_1_160_J_0100.jpg
MS-011_1_1_1_161,100,MS-011_1_1_1_161_J_0001.jpg,MS-011_1_1_1_161_J_0100.jpg
MS-011_1_1_1_162,100,MS-011_1_1_1_162_J_0001.jpg,MS-011_1_1_1_162_J_0100.jpg
MS-011_1_1_1_163,100,MS-011_1_1_1_163_J_0001.jpg,MS-011_1_1_1_163_J_0100.jpg
MS-011_1_1_1_164,100,MS-011_1_1_1_164_J_0001.jpg,MS-011_1_1_1_164_J_0100.jpg
MS-011_1_1_1_165,100,MS-011_1_1_1_165_J_0001.jpg,MS-011_1_1_1_165_J_0100.jpg
MS-011_1_1_1_166,100,MS-011_1_1_1_166_J_0001.jpg,MS-011_1_1_1_166_J_0100.jpg
MS-011_1_1_1_167,100,MS-011_1_1_1_167_J_0001.jpg,MS-011_1_1_1_167_J_0100.jpg
MS-011_1_1_1_168,100,MS-011_1_1_1_168_J_0001.jpg,MS-011_1_1_1_168_J_0100.jpg
MS-011_1_1_1_169,100,MS-011_1_1_1_169_J_0001.jpg,MS-011_1_1_1_169_J_0100.jpg
MS-011_1_1_1_170,100,MS-011_1_1_1_170_J_0001.jpg,MS-011_1_1_1_170_J_0100.jpg
MS-011_1_1_1_171,100,MS-011_1_1_1_171_J_0001.jpg,MS-011_1_1_1_171_J_0100.jpg
MS-011_1_1_1_172,100,MS-011_1_1_1_172_J_0001.jpg,MS-011_1_1_1_172_J_0100.jpg
MS-011_1_1_1_173,100,MS-011_1_1_1_173_J_0001.jpg,MS-011_1_1_1_173_J_0100.jpg
MS-011_1_1_1_174,100,MS-011_1_1_1_174_J_0001.jpg,MS-011_1_1_1_174_J_0100.jpg
MS-011_1_1_1_175,100,MS-011_1_1_1_175_J_0001.jpg,MS-011_1_1_1_175_J_0100.jpg
MS-011_1_1_1_176,100,MS-011_1_1_1_176_J_0001.jpg,MS-011_1_1_1_176_J_0100.jpg
MS-011_1_1_1_177,100,MS-011_1_1_1_177_J_0001.jpg,MS-011_1_1_1_177_J_0100.jpg
MS-011_1_1_1_178,100,MS-011_1_1_1_178_J_0001.jpg,MS-011_1_1_1_178_J_0100.jpg
MS-011_1_1_1_179,100,MS-011_1_1_1_179_J_0001.jpg,MS-011_1_1_1_179_J_0100.jpg
MS-011_1_1_1_180,100,MS-011_1_1_1_180_J_0001.jpg,MS-011_1_1_1_180_J_0100.jpg
MS-011_1_1_1_181,100,MS-011_1_1_1_181_J_0001.jpg,MS-011_1_1_1_181_J_0100.jpg
MS-011_1_1_1_182,100,MS-011_1_1_1_182_J_0001.jpg,MS-011_1_1_1_182_J_0100.jpg
MS-011_1_1_1_183,100,MS-011_1_1_1_183_J_0001.jpg,MS-011_1_1_1_183_J_0100.jpg
MS-011_1_1_1_184,100,MS-011_1_1_1_184_J_0001.jpg,MS-011_1_1_1_184_J_0100.jpg
MS-011_1_1_1_185,100,MS-011_1_1_1_185_J_0001.jpg,MS-011_1_1_1_185_J_0100.jpg
MS-011_1_1_1_186,100,MS-011_1_1_1_186_J_0001.jpg,MS-011_1_1_1_186_J_0100.jpg
MS-011_1_1_1_187,100,MS-011_1_1_1_187_J_0001.jpg,MS-011_1_1_1_187_J_0100.jpg
MS-011_1_1_1_188,100,MS-011_1_1_1_188_J_0001.jpg,MS-011_1_1_1_188_J_0100.jpg
MS-011_1_1_1_189,100,MS-011_1_1_1_189_J_0001.jpg,MS-011_1_1_1_189_J_0100.jpg
MS-011_1_1_1_190,100,MS-011_1_1_1_190_J_0001.jpg,MS-011_1_1_1_190_J_0100.jpg
MS-011_1_1_1_191,100,MS-011_1_1_1_191_J_0001.jpg,MS-011_1_1_1_191_J_0100.jpg
MS-011_1_1_1_192,100,MS-011_1_1_1_192_J_0001.jpg,MS-011_1_1_1_192_J_0100.jpg
MS-011_1_1_1_193,100,MS-011_1_1_1_193_J_0001.jpg,MS-011_1_1_1_193_J_0100.jpg
MS-011_1_1_1_194,100,MS-011_1_1_1_194_J_0001.jpg,MS-011_1_1_1_194_J_0100.jpg
MS-011_1_1_1_195,100,MS-011_1_1_1_195_J_0001.jpg,MS-011_1_1_1_195_J_0100.jpg
MS-011_1_1_1_196,100,MS-011_1_1_1_196_J_0001.jpg,MS-011_1_1_1_196_J_0100.jpg
MS-011_1_1_1_197,100,MS-011_1_1_1_197_J_0001.jpg,MS-011_1_1_1_197_J_0100.jpg
MS-011_1_1_1_198,100,MS-011_1_1_1_198_J_0001.jpg,MS-011_1_1_1_198_J_0100.jpg
MS-011_1_1_1_199,100,MS-011_1_1_1_199_J_0001.jpg,MS-011_1_1_1_199_J_0100.jpg
MS-011_1_1_1_200,100,MS-011_1_1_1_200_J_0001.jpg,MS-011_1_1_1_200_J_0100.jpg
MS-011_1_1_1_201,100,MS-011_1_1_1_201_J_0001.jpg,MS-011_1_1_1_201_J_0100.jpg
MS-011_1_1_1_202,100,MS-011_1_1_1_202_J_0001.jpg,MS-011_1_1_1_202_J_0100.jpg
MS-011_1_1_1_203,100,MS-011_1_1_1_203_J_0001.jpg,MS-011_1_1_1_203_J_0100.jpg
MS-011_1_1_1_204,100,MS-011_1_1_1_204_J_0001.jpg,MS-011_1_1_1_204_J_0100.jpg
MS-011_1_1_1_205,100,MS-011_1_1_1_205_J_0001.jpg,MS-011_1_1_1_205_J_0100.jpg
MS-011_1_1_1_206,100,MS-011_1_1_1_206_J_0001.jpg,MS-011_1_1_1_206_J_0100.jpg
MS-011_1_1_1_207,100,MS-011_1_1_1_207_J_0001.jpg,MS-011_1_1_1_207_J_0100.jpg
MS-011_1_1_1_208,100,MS-011_1_1_1_208_J_0001.jpg,MS-011_1_1_1_208_J_0100.jpg
MS-011_1_1_1_209,100,MS-011_1_1_1_209_J_0001.jpg,MS-011_1_1_1_209_J_0100.jpg
MS-011_1_1_1_210,100,MS-011_1_1_1_210_J_0001.jpg,MS-011_1_1_1_210_J_0100.jpg
MS-011_1_1_1_211,100,MS-011_1_1_1_211_J_0001.jpg,MS-011_1_1_1_211_J_0100.jpg
MS-011_1_1_1_212,100,MS-011_1_1_1_212_J_0001.jpg,MS-011_1_1_1_212_J_0100.jpg
MS-011_1_1_1_213,100,MS-011_1_1_1_213_J_0001.jpg,MS-011_1_1_1_213_J_0100.jpg
MS-011_1_1_1_214,100,MS-011_1_1_1_214_J_0001.jpg,MS-011_1_1_1_214_J_0100.jpg
MS-011_1_1_1_215,100,MS-011_1_1_1_215_J_0001.jpg,MS-011_1_1_1_215_J_0100.jpg
MS-011_1_1_1_216,100,MS-011_1_1_1_216_J_0001.jpg,MS-011_1_1_1_216_J_0100.jpg
MS-011_1_1_1_217,100,MS-011_1_1_1_217_J_0001.jpg,MS-011_1_1_1_217_J_0100.jpg
MS-011_1_1_1_218,100,MS-011_1_1_1_218_J_0001.jpg,MS-011_1_1_1_218_J_0100.jpg
MS-011_1_1_1_219,100,MS-011_1_1_1_219_J_0001.jpg,MS-011_1_1_1_219_J_0100.jpg
MS-011_1_1_1_220,100,MS-011_1_1_1_220_J_0001.jpg,MS-011_1_1_1_220_J_0100.jpg
MS-011_1_1_1_221,100,MS-011_1_1_1_221_J_0001.jpg,MS-011_1_1_1_221_J_0100.jpg
MS-011_1_1_1_222,100,MS-011_1_1_1_222_J_0001.jpg,MS-011_1_1_1_222_J_0100.jpg
MS-011_1_1_1_223,100,MS-011_1_1_1_223_J_0001.jpg,MS-011_1_1_1_223_J_0100.jpg
MS-011_1_1_1_224,100,MS-011_1_1_1_224_J_0001.jpg,MS-011_1_1_1_224_J_0100.jpg
MS-011_1_1_1_225,100,MS-011_1_1_1_225_J_0001.jpg,MS-011_1_1_1_225_J_0100.jpg
MS-011_1_1_1_226,100,MS-011_1_1_1_226_J_0001.jpg,MS-011_1_1_1_226_J_0100.jpg
MS-011_1_1_1_227,100,MS-011_1_1_1_227_J_0001.jpg,MS-011_1_1_1_227_J_0100.jpg
MS-011_1_1_1_228,100,MS-011_1_1_1_228_J_0001.jpg,MS-011_1_1_1_228_J_0100.jpg
MS-011_1_1_1_229,100,MS-011_1_1_1_229_J_0001.jpg,MS-011_1_1_1_229_J_0100.jpg
MS-011_1_1_1_230,100,MS-011_1_1_1_230_J_0001.jpg,MS-011_1_1_1_230_J_0100.jpg
MS-011_1_1_1_231,100,MS-011_1_1_1_231_J_0001.jpg,MS-011_1_1_1_231_J_0100.jpg
MS-011_1_1_1_232,100,MS-011_1_1_1_232_J_0001.jpg,MS-011_1_1_1_232_J_0100.jpg
MS-011_1_1_1_233,100,MS-011_1_1_1_233_J_0001.jpg,MS-011_1_1_1_233_J_0100.jpg
MS-011_1_1_1_234,100,MS-011_1_1_1_234_J_0001.jpg,MS-011_1_1_1_234_J_0100.jpg
MS-011_1_1_1_235,100,MS-011_1_1_1_235_J_0001.jpg,MS-011_1_1_1_235_J_0100.jpg
MS-011_1_1_1_236,100,MS-011_1_1_1_236_J_0001.jpg,MS-011_1_1_1_236_J_0100.jpg
MS-011_1_1_1_237,100,MS-011_1_1_1_237_J_0001.jpg,MS-011_1_1_1_237_J_0100.jpg
MS-011_1_1_1_238,100,MS-011_1_1_1_238_J_0001.jpg,MS-011_1_1_1_238_J_0100.jpg
MS-011_1_1_1_239,100,MS-011_1_1_1_239_J_0001.jpg,MS-011_1_1_1_239_J_0100.jpg
MS-011_1_1_1_240,100,MS-011_1_1_1_240_J_0001.jpg,MS-011_1_1_1_240_J_0100.jpg
MS-011_1_1_1_241,100,MS-011_1_1_1_241_J_0001.jpg,MS-011_1_1_1_241_J_0100.jpg
MS-011_1_1_1_242,100,MS-011_1_1_1_242_J_0001.jpg,MS-011_1_1_1_242_J_0100.jpg
MS-011_1_1_1_243,100,MS-011_1_1_1_243_J_0001.jpg,MS-011_1_1_1_243_J_0100.jpg
MS-011_1_1_1_244,100,MS-011_1_1_1_244_J_0001.jpg,MS-011_1_1_1_244_J_0100.jpg
MS-011_1_1_1_245,100,MS-011_1_1_1_245_J_0001.jpg,MS-011_1_1_1_245_J_0100.jpg
MS-011_1_1_1_246,100,MS-011_1_1_1_246_J_0001.jpg,MS-011_1_1_1_246_J_0100.jpg
MS-011_1_1_1_247,100,MS-011_1_1_1_247_J_0001.jpg,MS-011_1_1_1_247_J_0100.jpg
MS-011_1_1_1_248,100,MS-011_1_1_1_248_J_0001.jpg,MS-011_1_1_1_248_J_0100.jpg
MS-011_1_1_1_249,100,MS-011_1_1_1_249_J_0001.jpg,MS-011_1_1_1_249_J_0100.jpg
MS-011_1_1_1_250,100,MS-011_1_1_1_250_J_0001.jpg,MS-011_1_1_1_250_J_0100.jpg
MS-011_1_1_1_251,100,MS-011_1_1_1_251_J_0001.jpg,MS-011_1_1_1_251_J_0100.jpg
MS-011_1_1_1_252,100,MS-011_1_1_1_252_J_0001.jpg,MS-011_1_1_1_252_J_0100.jpg
MS-011_1_1_1_253,100,MS-011_1_1_1_253_J_0001.jpg,MS-011_1_1_1_253_J_0100.jpg
MS-011_1_1_1_254,100,MS-011_1_1_1_254_J_0001.jpg,MS-011_1_1_1_254_J_0100.jpg
MS-011_1_1_1_255,100,MS-011_1_1_1_255_J_0001.jpg,MS-011_1_1_1_255_J_0100.jpg
MS-011_1_1_1_256,100,MS-011_1_1_1_256_J_0001.jpg,MS-011_1_1_1_256_J_0100.jpg
MS-011_1_1_1_257,100,MS-011_1_1_1_257_J_0001.jpg,MS-011_1_1_1_257_J_0100.jpg
MS-011_1_1_1_258,100,MS-011_1_1_1_258_J_0001.jpg,MS-011_1_1_1_258_J_0100.jpg
MS-011_1_1_1_259,100,MS-011_1_1_1_259_J_0001.jpg,MS-011_1_1_1_259_J_0100.jpg
MS-011_1_1_1_260,100,MS-011_1_1_1_260_J_0001.jpg,MS-011_1_1_1_260_J_0100.jpg
MS-011_1_1_1_261,100,MS-011_1_1_1_261_J_0001.jpg,MS-011_1_1_1_261_J_0100.jpg
MS-011_1_1_1_262,100,MS-011_1_1_1_262_J_0001.jpg,MS-011_1_1_1_262_J_0100.jpg
MS-011_1_1_1_263,100,MS-011_1_1_1_263_J_0001.jpg,MS-011_1_1_1_263_J_0100.jpg
MS-011_1_1_1_264,100,MS-011_1_1_1_264_J_0001.jpg,MS-011_1_1_1_264_J_0100.jpg
MS-011_1_1_1_265,100,MS-011_1_1_1_265_J_0001.jpg,MS-011_1_1_1_265_J_0100.jpg
MS-011_1_1_1_266,100,MS-011_1_1_1_266_J_0001.jpg,MS-011_1_1_1_266_J_0100.jpg
MS-011_1_1_1_267,100,MS-011_1_1_1_267_J_0001.jpg,MS-011_1_1_1_267_J_0100.jpg
MS-011_1_1_1_268,100,MS-011_1_1_1_268_J_0001.jpg,MS-011_1_1_1_268_J_0100.jpg
MS-011_1_1_1_269,100,MS-011_1_1_1_269_J_0001.jpg,MS-011_1_1_1_269_J_0100.jpg
MS-011_1_1_1_270,100,MS-011_1_1_1_270_J_0001.jpg,MS-011_1_1_1_270_J_0100.jpg
MS-011_1_1_1_271,100,MS-011_1_1_1_271_J_0001.jpg,MS-011_1_1_1_271_J_0100.jpg
MS-011_1_1_1_272,100,MS-011_1_1_1_272_J_0001.jpg,MS-011_1_1_1_272_J_0100.jpg
MS-011_1_1_1_273,100,MS-011_1_1_1_273_J_0001.jpg,MS-011_1_1_1_273_J_0100.jpg
MS-011_1_1_1_274,100,MS-011_1_1_1_274_J_0001.jpg,MS-011_1_1_1_274_J_0100.jpg
MS-011_1_1_1_275,100,MS-011_1_1_1_275_J_0001.jpg,MS-011_1_1_1_275_J_0100.jpg
MS-011_1_1_1_276,100,MS-011_1_1_1_276_J_0001.jpg,MS-011_1_1_1_276_J_0100.jpg
MS-011_1_1_1_277,100,MS-011_1_1_1_277_J_0001.jpg,MS-011_1_1_1_277_J_0100.jpg
MS-011_1_1_1_278,100,MS-011_1_1_1_278_J_0001.jpg,MS-011_1_1_1_278_J_0100.jpg
MS-011_1_1_1_279,100,MS-011_1_1_1_279_J_0001.jpg,MS-011_1_1_1_279_J_0100.jpg
MS-011_1_1_1_280,100,MS-011_1_1_1_280_J_0001.jpg,MS-011_1_1_1_280_J_0100.jpg
MS-011_1_1_1_281,100,MS-011_1_1_1_281_J_0001.jpg,MS-011_1_1_1_281_J_0100.jpg
MS-011_1_1_1_282,100,MS-011_1_1_1_282_J_0001.jpg,MS-011_1_1_1_282_J_0100.jpg
MS-011_1_1_1_283,100,MS-011_1_1_1_283_J_0001.jpg,MS-011_1_1_1_283_J_0100.jpg
MS-011_1_1_1_284,100,MS-011_1_1_1_284_J_0001.jpg,MS-011_1_1_1_284_J_0100.jpg
MS-011_1_1_1_285,100,MS-011_1_1_1_285_J_0001.jpg,MS-011_1_1_1_285_J_0100.jpg
MS-011_1_1_1_286,100,MS-011_1_1_1_286_J_0001.jpg,MS-011_1_1_1_286_J_0100.jpg
MS-011_1_1_1_287,100,MS-011_1_1_1_287_J_0001.jpg,MS-011_1_1_1_287_J_0100.jpg
MS-011_1_1_1_288,100,MS-011_1_1_1_288_J_0001.jpg,MS-011_1_1_1_288_J_0100.jpg
MS-011_1_1_1_289,100,MS-011_1_1_1_289_J_0001.jpg,MS-011_1_1_1_289_J_0100.jpg
MS-011_1_1_1_290,100,MS-011_1_1_1_290_J_0001.jpg,MS-011_1_1_1_290_J_0100.jpg
MS-011_1_1_1_291,100,MS-011_1_1_1_291_J_0001.jpg,MS-011_1_1_1_291_J_0100.jpg
MS-011_1_1_1_292,100,MS-011_1_1_1_292_J_0001.jpg,MS-011_1_1_1_292_J_0100.jpg
MS-011_1_1_1_293,100,MS-011_1_1_1_293_J_0001.jpg,MS-011_1_1_1_293_J_0100.jpg
MS-011_1_1_1_294,100,MS-011_1_1_1_294_J_0001.jpg,MS-011_1_1_1_294_J_0100.jpg
MS-011_1_1_1_295,100,MS-011_1_1_1_295_J_0001.jpg,MS-011_1_1_1_295_J_0100.jpg
MS-011_1_1_1_296,100,MS-011_1_1_1_296_J_0001.jpg,MS-011_1_1_1_296_J_0100.jpg
MS-011_1_1_1_297,100,MS-011_1_1_1_297_J_0001.jpg,MS-011_1_1_1_297_J_0100.jpg
MS-011_1_1_1_298,100,MS-011_1_1_1_298_J_0001.jpg,MS-011_1_1_1_298_J_0100.jpg
MS-011_1_1_1_299,100,MS-011_1_1_1_299_J_0001.jpg,MS-011_1_1_1_299_J_0100.jpg
MS-011_1_1_1_300,100,MS-011_1_1_1_300_J_0001.jpg,MS-011_1_1_1_300_J_0100.jpg
MS-011_1_1_1_301,100,MS-011_1_1_1_301_J_0001.jpg,MS-011_1_1_1_301_J_0100.jpg
MS-011_1_1_1_302,100,MS-011_1_1_1_302_J_0001.jpg,MS-011_1_1_1_302_J_0100.jpg
MS-011_1_1_1_303,100,MS-011_1_1_1_303_J_0001.jpg,MS-011_1_1_1_303_J_0100.jpg
MS-011_1_1_1_304,100,MS-011_1_1_1_304_J_0001.jpg,MS-011_1_1_1_304_J_0100.jpg
MS-011_1_1_1_305,100,MS-011_1_1_1_305_J_0001.jpg,MS-011_1_1_1_305_J_0100.jpg
MS-011_1_1_1_306,100,MS-011_1_1_1_306_J_0001.jpg,MS-011_1_1_1_306_J_0100.jpg
MS-011_1_1_1_307,100,MS-011_1_1_1_307_J_0001.jpg,MS-011_1_1_1_307_J_0100.jpg
MS-011_1_1_1_308,100,MS-011_1_1_1_308_J_0001.jpg,MS-011_1_1_1_308_J_0100.jpg
MS-011_1_1_1_309,100,MS-011_1_1_1_309_J_0001.jpg,MS-011_1_1_1_309_J_0100.jpg
MS-011_1_1_1_310,100,MS-011_1_1_1_310_J_0001.jpg,MS-011_1_1_1_310_J_0100.jpg
MS-011_1_1_1_311,100,MS-011_1_1_1_311_J_0001.jpg,MS-011_1_1_1_311_J_0100.jpg
MS-011_1_1_1_312,100,MS-011_1_1_1_312_J_0001.jpg,MS-011_1_1_1_312_J_0100.jpg
MS-011_1_1_1_313,100,MS-011_1_1_1_313_J_0001.jpg,MS-011_1_1_1_313_J_0100.jpg
MS-011_1_1_1_314,100,MS-011_1_1_1_314_J_0001.jpg,MS-011_1_1_1_314_J_0100.jpg
MS-011_1_1_1_315,100,MS-011_1_1_1_315_J_0001.jpg,MS-011_1_1_1_315_J_0100.jpg
MS-011_1_1_1_316,100,MS-011_1_1_1_316_J_0001.jpg,MS-011_1_1_1_316_J_0100.jpg
MS-011_1_1_1_317,100,MS-011_1_1_1_317_J_0001.jpg,MS-011_1_1_1_317_J_0100.jpg
MS-011_1_1_1_318,100,MS-011_1_1_1_318_J_0001.jpg,MS-011_1_1_1_318_J_0100.jpg
MS-011_1_1_1_319,100,MS-011_1_1_1_319_J_0001.jpg,MS-011_1_1_1_319_J_0100.jpg
MS-011_1_1_1_320,100,MS-011_1_1_1_320_J_0001.jpg,MS-011_1_1_1_320_J_0100.jpg
MS-011_1_1_1_321,100,MS-011_1_1_1_321_J_0001.jpg,MS-011_1_1_1_321_J_0100.jpg
MS-011_1_1_1_322,100,MS-011_1_1_1_322_J_0001.jpg,MS-011_1_1_1_322_J_0100.jpg
MS-011_1_1_1_323,100,MS-011_1_1_1_323_J_0001.jpg,MS-011_1_1_1_323_J_0100.jpg
MS-011_1_1_1_324,100,MS-011_1_1_1_324_J_0001.jpg,MS-011_1_1_1_324_J_0100.jpg
MS-011_1_1_1_325,100,MS-011_1_1_1_325_J_0001.jpg,MS-011_1_1_1_325_J_0100.jpg
MS-011_1_1_1_326,100,MS-011_1_1_1_326_J_0001.jpg,MS-011_1_1_1_326_J_0100.jpg
MS-011_1_1_1_327,100,MS-011_1_1_1_327_J_0001.jpg,MS-011_1_1_1_327_J_0100.jpg
MS-011_1_1_1_328,100,MS-011_1_1_1_328_J_0001.jpg,MS-011_1_1_1_328_J_0100.jpg
MS-011_1_1_1_329,100,MS-011_1_1_1_329_J_0001.jpg,MS-011_1_1_1_329_J_0100.jpg
MS-011_1_1_1_330,100,MS-011_1_1_1_330_J_0001.jpg,MS-011_1_1_1_330_J_0100.jpg
MS-011_1_1_1_331,100,MS-011_1_1_1_331_J_0001.jpg,MS-011_1_1_1_331_J_0100.jpg
MS-011_1_1_1_332,100,MS-011_1_1_1_332_J_0001.jpg,MS-011_1_1_1_332_J_0100.jpg
MS-011_1_1_1_333,100,MS-011_1_1_1_333_J_0001.jpg,MS-011_1_1_1_333_J_0100.jpg
MS-011_1_1_1_334,100,MS-011_1_1_1_334_J_0001.jpg,MS-011_1_1_1_334_J_0100.jpg
MS-011_1_1_1_335,100,MS-011_1_1_1_335_J_0001.jpg,MS-011_1_1_1_335_J_0100.jpg
MS-011_1_1_1_336,100,MS-011_1_1_1_336_J_0001.jpg,MS-011_1_1_1_336_J_0100.jpg
MS-011_1_1_1_337,100,MS-011_1_1_1_337_J_0001.jpg,MS-011_1_1_1_337_J_0100.jpg
MS-011_1_1_1_338,100,MS-011_1_1_1_338_J_0001.jpg,MS-011_1_1_1_338_J_0100.jpg
MS-011_1_1_1_339,100,MS-011_1_1_1_339_J_0001.jpg,MS-011_1_1_1_339_J_0100.jpg
MS-011_1_1_1_340,100,MS-011_1_1_1_340_J_0001.jpg,MS-011_1_1_1_340_J_0100.jpg
MS-011_1_1_1_341,100,MS-011_1_1_1_341_J_0001.jpg,MS-011_1_1_1_341_J_0100.jpg
MS-011_1_1_2_1,100,MS-011_1_1_2_1_J_0001.jpg,MS-011_1_1_2_1_J_0100.jpg
MS-011_1_1_2_2,100,MS-011_1_1_2_2_J_0001.jpg,MS-011_1_1_2_2_J_0100.jpg
MS-011_1_1_2_3,100,MS-011_1_1_2_3_J_0001.jpg,MS-011_1_1_2_3_J_0100.jpg
MS-011_1_1_2_4,100,MS-011_1_1_2_4_J_0001.jpg,MS-011_1_1_2_4_J_0100.jpg
MS-011_1_1_2_5,100,MS-011_1_1_2_5_J_0001.jpg,MS-011_1_1_2_5_J_0100.jpg
MS-011_1_1_2_6,100,MS-011_1_1_2_6_J_0001.jpg,MS-011_1_1_2_6_J_0100.jpg
MS-011_1_1_2_7,100,MS-011_1_1_2_7_J_0001.jpg,MS-011_1_1_2_7_J_0100.jpg
MS-011_1_1_2_8,100,MS-011_1_1_2_8_J_0001.jpg,MS-011_1_1_2_8_J_0100.jpg
MS-011_1_1_2_9,100,MS-011_1_1_2_9_J_0001.jpg,MS-011_1_1_2_9_J_0100.jpg
MS-011_1_1_2_10,100,MS-011_1_1_2_10_J_0001.jpg,MS-011_1_1_2_10_J_0100.jpg
MS-011_1_1_2_11,100,MS-011_1_1_2_11_J_0001.jpg,MS-011_1_1_2_11_J_0100.jpg
MS-011_1_1_2_12,100,MS-011_1_1_2_12_J_0001.jpg,MS-011_1_1_2_12_J_0100.jpg
MS-011_1_1_2_13,100,MS-011_1_1_2_13_J_0001.jpg,MS-011_1_1_2_13_J_0100.jpg
MS-011_1_1_2_14,100,MS-011_1_1_2_14_J_0001.jpg,MS-011_1_1_2_14_J_0100.jpg
MS-011_1_1_2_15,100,MS-011_1_1_2_15_J_0001.jpg,MS-011_1_1_2_15_J_0100.jpg
MS-011_1_1_2_16,100,MS-011_1_1_2_16_J_0001.jpg,MS-011_1_1_2_16_J_0100.jpg
MS-011_1_1_2_17,100,MS-011_1_1_2_17_J_0001.jpg,MS-011_1_1_2_17_J_0100.jpg
MS-011_1_1_2_18,100,MS-011_1_1_2_18_J_0001.jpg,MS-011_1_1_2_18_J_0100.jpg
MS-011_1_1_2_19,100,MS-011_1_1_2_19_J_0001.jpg,MS-011_1_1_2_19_J_0100.jpg
MS-011_1_1_2_20,100,MS-011_1_1_2_20_J_0001.jpg,MS-011_1_1_2_20_J_0100.jpg
MS-011_1_1_2_21,100,MS-011_1_1_2_21_J_0001.jpg,MS-011_1_1_2_21_J_0100.jpg
MS-011_1_1_2_22,100,MS-011_1_1_2_22_J_0001.jpg,MS-011_1_1_2_22_J_0100.jpg
MS-011_1_1_2_23,100,MS-011_1_1_2_23_J_0001.jpg,MS-011_1_1_2_23_J_0100.jpg
MS-011_1_1_2_24,100,MS-011_1_1_2_24_J_0001.jpg,MS-011_1_1_2_24_J_0100.jpg
MS-011_1_1_2_25,100,MS-011_1_1_2_25_J_0001.jpg,MS-011_1_1_2_25_J_0100.jpg
MS-011_1_1_2_26,100,MS-011_1_1_2_26_J_0001.jpg,MS-011_1_1_2_26_J_0100.jpg
MS-011_1_1_2_27,100,MS-011_1_1_2_27_J_0001.jpg,MS-011_1_1_2_27_J_0100.jpg
MS-011_1_1_2_28,100,MS-011_1_1_2_28_J_0001.jpg,MS-011_1_1_2_28_J_0100.jpg
MS-011_1_1_2_29,100,MS-011_1_1_2_29_J_0001.jpg,MS-011_1_1_2_29_J_0100.jpg
MS-011_1_1_2_30,100,MS-011_1_1_2_30_J_0001.jpg,MS-011_1_1_2_30_J_0100.jpg
MS-011_1_1_2_31,100,MS-011_1_1_2_31_J_0001.jpg,MS-011_1_1_2_31_J_0100.jpg
MS-011_1_1_2_32,100,MS-011_1_1_2_32_J_0001.jpg,MS-011_1_1_2_32_J_0100.jpg
MS-011_1_1_2_33,100,MS-011_1_1_2_33_J_0001.jpg,MS-011_1_1_2_33_J_0100.jpg
MS-011_1_1_2_34,100,MS-011_1_1_2_34_J_0001.jpg,MS-011_1_1_2_34_J_0100.jpg
MS-011_1_1_2_35,100,MS-011_1_1_2_35_J_0001.jpg,MS-011_1_1_2_35_J_0100.jpg
MS-011_1_1_2_36,100,MS-011_1_1_2_36_J_0001.jpg,MS-011_1_1_2_36_J_0100.jpg
MS-011_1_1_2_37,100,MS-011_1_1_2_37_J_0001.jpg,MS-011_1_1_2_37_J_0100.jpg
MS-011_1_1_2_38,100,MS-011_1_1_2_38_J_0001.jpg,MS-011_1_1_2_38_J_0100.jpg
MS-011_1_1_2_39,100,MS-011_1_1_2_39_J_0001.jpg,MS-011_1_1_2_39_J_0100.jpg
MS-011_1_1_2_40,100,MS-011_1_1_2_40_J_0001.jpg,MS-011_1_1_2_40_J_0100.jpg
MS-011_1_1_2_41,100,MS-011_1_1_2_41_J_0001.jpg,MS-011_1_1_2_41_J_0100.jpg
MS-011_1_1_2_42,100,MS-011_1_1_2_42_J_0001.jpg,MS-011_1_1_2_42_J_0100.jpg
MS-011_1_1_2_43,100,MS-011_1_1_2_43_J_0001.jpg,MS-011_1_1_2_43_J_0100.jpg
MS-011_1_1_2_44,100,MS-011_1_1_2_44_J_0001.jpg,MS-011_1_1_2_44_J_0100.jpg
MS-011_1_1_2_45,100,MS-011_1_1_2_45_J_0001.jpg,MS-011_1_1_2_45_J_0100.jpg
MS-011_1_1_2_46,100,MS-011_1_1_2_46_J_0001.jpg,MS-011_1_1_2_46_J_0100.jpg
MS-011_1_1_2_47,100,MS-011_1_1_2_47_J_0001.jpg,MS-011_1_1_2_47_J_0100.jpg
MS-011_1_1_2_48,100,MS-011_1_1_2_48_J_0001.jpg,MS-011_1_1_2_48_J_0100.jpg
MS-011_1_1_2_49,100,MS-011_1_1_2_49_J_0001.jpg,MS-011_1_1_2_49_J_0100.jpg
MS-011_1_1_2_50,100,MS-011_1_1_2_50_J_0001.jpg,MS-011_1_1_2_50_J_0100.jpg
MS-011_1_1_2_51,100,MS-011_1_1_2_51_J_0001.jpg,MS-011_1_1_2_51_J_0100.jpg
MS-011_1_1_2_52,100,MS-011_1_1_2_52_J_0001.jpg,MS-011_1_1_2_52_J_0100.jpg
MS-011_1_1_2_53,100,MS-011_1_1_2_53_J_0001.jpg,MS-011_1_1_2_53_J_0100.jpg
MS-011_1_1_2_54,100,MS-011_1_1_2_54_J_0001.jpg,MS-011_1_1_2_54_J_0100.jpg
MS-011_1_1_2_55,100,MS-011_1_1_2_55_J_0001.jpg,MS-011_1_1_2_55_J_0100.jpg
MS-011_1_1_2_56,100,MS-011_1_1_2_56_J_0001.jpg,MS-011_1_1_2_56_J_0100.jpg
MS-011_1_1_2_57,100,MS-011_1_1_2_57_J_0001.jpg,MS-011_1_1_2_57_J_0100.jpg
MS-011_1_1_2_58,100,MS-011_1_1_2_58_J_0001.jpg,MS-011_1_1_2_58_J_0100.jpg
MS-011_1_1_2_59,100,MS-011_1_1_2_59_J_0001.jpg,MS-011_1_1_2_59_J_0100.jpg
MS-011_1_1_2_60,100,MS-011_1_1_2_60_J_0001.jpg,MS-011_1_1_2_60_J_0100.jpg
MS-011_1_1_2_61,100,MS-011_1_1_2_61_J_0001.jpg,MS-011_1_1_2_61_J_0100.jpg
MS-011_1_1_2_62,100,MS-011_1_1_2_62_J_0001.jpg,MS-011_1_1_2_62_J_0100.jpg
MS-011_1_1_2_63,100,MS-011_1_1_2_63_J_0001.jpg,MS-011_1_1_2_63_J_0100.jpg
MS-011_1_1_2_64,100,MS-011_1_1_2_64_J_0001.jpg,MS-011_1_1_2_64_J_0100.jpg
MS-011_1_1_2_65,100,MS-011_1_1_2_65_J_0001.jpg,MS-011_1_1_2_65_J_0100.jpg
MS-011_1_1_2_66,100,MS-011_1_1_2_66_J_0001.jpg,MS-011_1_1_2_66_J_0100.jpg
MS-011_1_1_2_67,100,MS-011_1_1_2_67_J_0001.jpg,MS-011_1_1_2_67_J_0100.jpg
MS-011_1_1_2_68,100,MS-011_1_1_2_68_J_0001.jpg,MS-011_1_1_2_68_J_0100.jpg
MS-011_1_1_2_69,100,MS-011_1_1_2_69_J_0001.jpg,MS-011_1_1_2_69_J_0100.jpg
MS-011_1_1_2_70,100,MS-011_1_1_2_70_J_0001.jpg,MS-011_1_1_2_70_J_0100.jpg
MS-011_1_1_2_71,100,MS-011_1_1_2_71_J_0001.jpg,MS-011_1_1_2_71_J_0100.jpg
MS-011_1_1_2_72,100,MS-011_1_1_2_72_J_0001.jpg,MS-011_1_1_2_72_J_0100.jpg
MS-011_1_1_2_73,100,MS-011_1_1_2_73_J_0001.jpg,MS-011_1_1_2_73_J_0100.jpg
MS-011_1_1_2_74,100,MS-011_1_1_2_74_J_0001.jpg,MS-011_1_1_2_74_J_0100.jpg
MS-011_1_1_2_75,100,MS-011_1_1_2_75_J_0001.jpg,MS-011_1_1_2_75_J_0100.jpg
MS-011_1_1_2_76,100,MS-011_1_1_2_76_J_0001.jpg,MS-011_1_1_2_76_J_0100.jpg
MS-011_1_1_2_77,100,MS-011_1_1_2_77_J_0001.jpg,MS-011_1_1_2_77_J_0100.jpg
MS-011_1_1_2_78,100,MS-011_1_1_2_78_J_0001.jpg,MS-011_1_1_2_78_J_0100.jpg
MS-011_1_1_2_79,100,MS-011_1_1_2_79_J_0001.jpg,MS-011_1_1_2_79_J_0100.jpg
MS-011_1_1_2_80,100,MS-011_1_1_2_80_J_0001.jpg,MS-011_1_1_2_80_J_0100.jpg
MS-011_1_1_2_81,100,MS-011_1_1_2_81_J_0001.jpg,MS-011_1_1_2_81_J_0100.jpg
MS-011_1_1_2_82,100,MS-011_1_1_2_82_J_0001.jpg,MS-011_1_1_2_82_J_0100.jpg
MS-011_1_1_2_83,100,MS-011_1_1_2_83_J_0001.jpg,MS-011_1_1_2_83_J_0100.jpg
MS-011_1_1_2_84,100,MS-011_1_1_2_84_J_0001.jpg,MS-011_1_1_2_84_J_0100.jpg
MS-011_1_1_2_85,100,MS-011_1_1_2_85_J_0001.jpg,MS-011_1_1_2_85_J_0100.jpg
MS-011_1_1_2_86,100,MS-011_1_1_2_86_J_0001.jpg,MS-011_1_1_2_86_J_0100.jpg
MS-011_1_1_2_87,100,MS-011_1_1_2_87_J_0001.jpg,MS-011_1_1_2_87_J_0100.jpg
MS-011_1_1_2_88,100,MS-011_1_1_2_88_J_0001.jpg,MS-011_1_1_2_88_J_0100.jpg
MS-011_1_1_2_89,100,MS-011_1_1_2_89_J_0001.jpg,MS-011_1_1_2_89_J_0100.jpg
MS-011_1_1_2_90,100,MS-011_1_1_2_90_J_0001.jpg,MS-011_1_1_2_90_J_0100.jpg
MS-011_1_1_2_91,100,MS-011_1_1_2_91_J_0001.jpg,MS-011_1_1_2_91_J_0100.jpg
MS-011_1_1_2_92,100,MS-011_1_1_2_92_J_0001.jpg,MS-011_1_1_2_92_J_0100.jpg
MS-011_1_1_2_93,100,MS-011_1_1_2_93_J_0001.jpg,MS-011_1_1_2_93_J_0100.jpg
MS-011_1_1_2_94,100,MS-011_1_1_2_94_J_0001.jpg,MS-011_1_1_2_94_J_0100.jpg
MS-011_1_1_2_95,100,MS-011_1_1_2_95_J_0001.jpg,MS-011_1_1_2_95_J_0100.jpg
MS-011_1_1_2_96,100,MS-011_1_1_2_96_J_0001.jpg,MS-011_1_1_2_96_J_0100.jpg
MS-011_1_1_2_97,100,MS-011_1_1_2_97_J_0001.jpg,MS-011_1_1_2_97_J_0100.jpg
MS-011_1_1_2_98,100,MS-011_1_1_2_98_J_0001.jpg,MS-011_1_1_2_98_J_0100.jpg
MS-011_1_1_2_99,100,MS-011_1_1_2_99_J_0001.jpg,MS-011_1_1_2_99_J_0100.jpg
MS-011_1_1_2_100,100,MS-011_1_1_2_100_J_0001.jpg,MS-011_1_1_2_100_J_0100.jpg
MS-011_1_1_2_101,100,MS-011_1_1_2_101_J_0001.jpg,MS-011_1_1_2_101_J_0100.jpg
MS-011_1_1_2_102,100,MS-011_1_1_2_102_J_0001.jpg,MS-011_1_1_2_102_J_0100.jpg
MS-011_1_1_2_103,100,MS-011_1_1_2_103_J_0001.jpg,MS-011_1_1_2_103_J_0100.jpg
MS-011_1_1_2_104,100,MS-011_1_1_2_104_J_0001.jpg,MS-011_1_1_2_104_J_0100.jpg
MS-011_1_1_2_105,100,MS-011_1_1_2_105_J_0001.jpg,MS-011_1_1_2_105_J_0100.jpg
MS-011_1_1_2_106,100,MS-011_1_1_2_106_J_0001.jpg,MS-011_1_1_2_106_J_0100.jpg
MS-011_1_1_2_107,100,MS-011_1_1_2_107_J_0001.jpg,MS-011_1_1_2_107_J_0100.jpg
MS-011_1_1_2_108,100,MS-011_1_1_2_108_J_0001.jpg,MS-011_1_1_2_108_J_0100.jpg
MS-011_1_1_2_109,100,MS-011_1_1_2_109_J_0001.jpg,MS-011_1_1_2_109_J_0100.jpg
MS-011_1_1_2_110,100,MS-011_1_1_2_110_J_0001.jpg,MS-011_1_1_2_110_J_0100.jpg
MS-011_1_1_2_111,100,MS-011_1_1_2_111_J_0001.jpg,MS-011_1_1_2_111_J_0100.jpg
MS-011_1_1_2_112,100,MS-011_1_1_2_112_J_0001.jpg,MS-011_1_1_2_112_J_0100.jpg
MS-011_1_1_2_113,100,MS-011_1_1_2_113_J_0001.jpg,MS-011_1_1_2_113_J_0100.jpg
MS-011_1_1_2_114,100,MS-011_1_1_2_114_J_0001.jpg,MS-011_1_1_2_114_J_0100.jpg
MS-011_1_1_2_115,100,MS-011_1_1_2_115_J_0001.jpg,MS-011_1_1_2_115_J_0100.jpg
MS-011_1_1_2_116,100,MS-011_1_1_2_116_J_0001.jpg,MS-011_1_1_2_116_J_0100.jpg
MS-011_1_1_2_117,100,MS-011_1_1_2_117_J_0001.jpg,MS-011_1_1_2_117_J_0100.jpg
MS-011_1_1_2_118,100,MS-011_1_1_2_118_J_0001.jpg,MS-011_1_1_2_118_J_0100.jpg
MS-011_1_1_2_119,100,MS-011_1_1_2_119_J_0001.jpg,MS-011_1_1_2_119_J_0100.jpg
MS-011_1_1_2_120,100,MS-011_1_1_2_120_J_0001.jpg,MS-011_1_1_2_120_J_0100.jpg
MS-011_1_1_2_121,100,MS-011_1_1_2_121_J_0001.jpg,MS-011_1_1_2_121_J_0100.jpg
MS-011_1_1_2_122,100,MS-011_1_1_2_122_J_0001.jpg,MS-011_1_1_2_122_J_0100.jpg
MS-011_1_1_2_123,100,MS-011_1_1_2_123_J_0001.jpg,MS-011_1_1_2_123_J_0100.jpg
MS-011_1_1_2_124,100,MS-011_1_1_2_124_J_0001.jpg,MS-011_1_1_2_124_J_0100.jpg
MS-011_1_1_2_125,100,MS-011_1_1_2_125_J_0001.jpg,MS-011_1_1_2_125_J_0100.jpg
MS-011_1_1_2_126,100,MS-011_1_1_2_126_J_0001.jpg,MS-011_1_1_2_126_J_0100.jpg
MS-011_1_1_2_127,100,MS-011_1_1_2_127_J_0001.jpg,MS-011_1_1_2_127_J_0100.jpg
MS-011_1_1_2_128,100,MS-011_1_1_2_128_J_0001.jpg,MS-011_1_1_2_128_J_0100.jpg
MS-011_1_1_2_129,100,MS-011_1_1_2_129_J_0001.jpg,MS-011_1_1_2_129_J_0100.jpg
MS-011_1_1_2_130,100,MS-011_1_1_2_130_J_0001.jpg,MS-011_1_1_2_130_J_0100.jpg
MS-011_1_1_2_131,100,MS-011_1_1_2_131_J_0001.jpg,MS-011_1_1_2_131_J_0100.jpg
MS-011_1_1_2_132,100,MS-011_1_1_2_132_J_0001.jpg,MS-011_1_1_2_132_J_0100.jpg
MS-011_1_1_2_133,100,MS-011_1_1_2_133_J_0001.jpg,MS-011_1_1_2_133_J_0100.jpg
MS-011_1_1_2_134,100,MS-011_1_1_2_134_J_0001.jpg,MS-011_1_1_2_134_J_0100.jpg
MS-011_1_1_2_135,100,MS-011_1_1_2_135_J_0001.jpg,MS-011_1_1_2_135_J_0100.jpg
MS-011_1_1_2_136,100,MS-011_1_1_2_136_J_0001.jpg,MS-011_1_1_2_136_J_0100.jpg
MS-011_1_1_2_137,100,MS-011_1_1_2_137_J_0001.jpg,MS-011_1_1_2_137_J_0100.jpg
MS-011_1_1_2_138,100,MS-011_1_1_2_138_J_0001.jpg,MS-011_1_1_2_138_J_0100.jpg
MS-011_1_1_2_139,100,MS-011_1_1_2_139_J_0001.jpg,MS-011_1_1_2_139_J_0100.jpg
MS-011_1_1_2_140,100,MS-011_1_1_2_140_J_0001.jpg,MS-011_1_1_2_140_J_0100.jpg
MS-011_1_1_2_141,100,MS-011_1_1_2_141_J_0001.jpg,MS-011_1_1_2_141_J_0100.jpg
MS-011_1_1_2_142,100,MS-011_1_1_2_142_J_0001.jpg,MS-011_1_1_2_142_J_0100.jpg
MS-011_1_1_2_143,100,MS-011_1_1_2_143_J_0001.jpg,MS-011_1_1_2_143_J_0100.jpg
MS-011_1_1_2_144,100,MS-011_1_1_2_144_J_0001.jpg,MS-011_1_1_2_144_J_0100.jpg
MS-011_1_1_2_145,100,MS-011_1_1_2_145_J_0001.jpg,MS-011_1_1_2_145_J_0100.jpg
MS-011_1_1_2_146,100,MS-011_1_1_2_146_J_0001.jpg,MS-011_1_1_2_146_J_0100.jpg
MS-011_1_1_2_147,100,MS-011_1_1_2_147_J_0001.jpg,MS-011_1_1_2_147_J_0100.jpg
MS-011_1_1_2_148,100,MS-011_1_1_2_148_J_0001.jpg,MS-011_1_1_2_148_J_0100.jpg
MS-011_1_1_2_149,100,MS-011_1_1_2_149_J_0001.jpg,MS-011_1_1_2_149_J_0100.jpg
MS-011_1_1_2_150,100,MS-011_1_1_2_150_J_0001.jpg,MS-011_1_1_2_150_J_0100.jpg
MS-011_1_1_2_151,100,MS-011_1_1_2_151_J_0001.jpg,MS-011_1_1_2_151_J_0100.jpg
MS-011_1_1_2_152,100,MS-011_1_1_2_152_J_0001.jpg,MS-011_1_1_2_152_J_0100.jpg
MS-011_1_1_2_153,100,MS-011_1_1_2_153_J_0001.jpg,MS-011_1_1_2_153_J_0100.jpg
MS-011_1_1_2_154,100,MS-011_1_1_2_154_J_0001.jpg,MS-011_1_1_2_154_J_0100.jpg
MS-011_1_1_2_155,100,MS-011_1_1_2_155_J_0001.jpg,MS-011_1_1_2_155_J_0100.jpg
MS-011_1_1_2_156,100,MS-011_1_1_2_156_J_0001.jpg,MS-011_1_1_2_156_J_0100.jpg
MS-011_1_1_2_157,100,MS-011_1_1_2_157_J_0001.jpg,MS-011_1_1_2_157_J_0100.jpg
MS-011_1_1_2_158,100,MS-011_1_1_2_158_J_0001.jpg,MS-011_1_1_2_158_J_0100.jpg
MS-011_1_1_2_159,100,MS-011_1_1_2_159_J_0001.jpg,MS-011_1_1_2_159_J_0100.jpg
